,DATE,PRODUCT ID,QUANTITY,SALE TYPE,PAYMENT MODE,DISCOUNT %,YEAR,MONTH,DAY,BUYING PRIZE,SELLING PRICE,PRODUCT,CATEGORY,UOM,TOTAL BUYING VALUE,TOTAL SELLING VALUE
0,01-01-2021,P0024,9,Wholesaler,Online,0,2021,1,1,144,156.96,Product24,Category03,Ft,1296,1412.64
1,02-01-2021,P0038,15,Online,Cash,0,2021,1,2,72,79.92,Product38,Category05,Kg,1080,1198.8
2,02-01-2021,P0013,6,Direct Sales,Cash,0,2021,1,2,112,122.08,Product13,Category02,Kg,672,732.48
3,03-01-2021,P0004,5,Direct Sales,Online,0,2021,1,3,44,48.84,Product04,Category01,Lt,220,244.2
4,04-01-2021,P0035,12,Online,Online,0,2021,1,4,5,6.7,Product35,Category04,No.,60,80.4
5,09-01-2021,P0031,1,Direct Sales,Cash,0,2021,1,9,93,104.16,Product31,Category04,Kg,93,104.16
6,09-01-2021,P0003,8,Direct Sales,Cash,0,2021,1,9,71,80.94,Product03,Category01,Kg,568,647.52
7,09-01-2021,P0025,4,Direct Sales,Online,0,2021,1,9,7,8.33,Product25,Category03,No.,28,33.32
8,11-01-2021,P0037,3,Direct Sales,Cash,0,2021,1,11,67,85.76,Product37,Category05,Kg,201,257.28
9,11-01-2021,P0014,4,Wholesaler,Online,0,2021,1,11,112,146.72,Product14,Category02,Kg,448,586.88
10,11-01-2021,P0042,4,Direct Sales,Online,0,2021,1,11,120,162,Product42,Category05,Ft,480,648
11,12-01-2021,P0042,10,Online,Cash,0,2021,1,12,120,162,Product42,Category05,Ft,1200,1620
12,18-01-2021,P0044,13,Direct Sales,Online,0,2021,1,18,76,82.08,Product44,Category05,Kg,988,1067.04
13,18-01-2021,P0023,3,Online,Cash,0,2021,1,18,141,149.46,Product23,Category03,Ft,423,448.38
14,19-01-2021,P0035,6,Direct Sales,Cash,0,2021,1,19,5,6.7,Product35,Category04,No.,30,40.2
15,20-01-2021,P0034,4,Direct Sales,Cash,0,2021,1,20,55,58.3,Product34,Category04,Lt,220,233.2
16,20-01-2021,P0020,4,Direct Sales,Cash,0,2021,1,20,61,76.25,Product20,Category03,Lt,244,305
17,21-01-2021,P0004,15,Wholesaler,Cash,0,2021,1,21,44,48.84,Product04,Category01,Lt,660,732.6
18,21-01-2021,P0003,9,Direct Sales,Online,0,2021,1,21,71,80.94,Product03,Category01,Kg,639,728.46
19,21-01-2021,P0042,6,Direct Sales,Online,0,2021,1,21,120,162,Product42,Category05,Ft,720,972
20,25-01-2021,P0034,6,Direct Sales,Cash,0,2021,1,25,55,58.3,Product34,Category04,Lt,330,349.8
21,25-01-2021,P0035,7,Direct Sales,Online,0,2021,1,25,5,6.7,Product35,Category04,No.,35,46.9
22,25-01-2021,P0031,14,Direct Sales,Online,0,2021,1,25,93,104.16,Product31,Category04,Kg,1302,1458.24
23,26-01-2021,P0044,9,Wholesaler,Cash,0,2021,1,26,76,82.08,Product44,Category05,Kg,684,738.72
24,26-01-2021,P0006,7,Online,Cash,0,2021,1,26,75,85.5,Product06,Category01,Kg,525,598.5
25,26-01-2021,P0001,7,Online,Online,0,2021,1,26,98,103.88,Product01,Category01,Kg,686,727.16
26,27-01-2021,P0040,7,Wholesaler,Online,0,2021,1,27,90,115.2,Product40,Category05,Kg,630,806.4
27,27-01-2021,P0032,3,Wholesaler,Online,0,2021,1,27,89,117.48,Product32,Category04,Kg,267,352.44
28,28-01-2021,P0004,10,Online,Cash,0,2021,1,28,44,48.84,Product04,Category01,Lt,440,488.4
29,28-01-2021,P0029,2,Direct Sales,Cash,0,2021,1,28,47,53.11,Product29,Category04,Lt,94,106.22
30,02-02-2021,P0010,7,Online,Online,0,2021,2,2,148,164.28,Product10,Category02,Ft,1036,1149.96
31,03-02-2021,P0016,13,Direct Sales,Online,0,2021,2,3,13,16.64,Product16,Category02,No.,169,216.32
32,03-02-2021,P0022,2,Wholesaler,Cash,0,2021,2,3,121,141.57,Product22,Category03,Ft,242,283.14
33,04-02-2021,P0037,4,Online,Online,0,2021,2,4,67,85.76,Product37,Category05,Kg,268,343.04
34,05-02-2021,P0043,7,Online,Cash,0,2021,2,5,67,83.08,Product43,Category05,Kg,469,581.56
35,05-02-2021,P0005,1,Direct Sales,Cash,0,2021,2,5,133,155.61,Product05,Category01,Ft,133,155.61
36,05-02-2021,P0043,9,Direct Sales,Cash,0,2021,2,5,67,83.08,Product43,Category05,Kg,603,747.72
37,06-02-2021,P0035,1,Direct Sales,Cash,0,2021,2,6,5,6.7,Product35,Category04,No.,5,6.7
38,09-02-2021,P0034,14,Direct Sales,Online,0,2021,2,9,55,58.3,Product34,Category04,Lt,770,816.2
39,12-02-2021,P0008,7,Direct Sales,Cash,0,2021,2,12,83,94.62,Product08,Category01,Kg,581,662.34
40,12-02-2021,P0023,9,Online,Cash,0,2021,2,12,141,149.46,Product23,Category03,Ft,1269,1345.14
41,15-02-2021,P0027,4,Direct Sales,Online,0,2021,2,15,48,57.12,Product27,Category04,Lt,192,228.48
42,18-02-2021,P0015,6,Online,Cash,0,2021,2,18,12,15.72,Product15,Category02,No.,72,94.32
43,20-02-2021,P0030,11,Online,Cash,0,2021,2,20,148,201.28,Product30,Category04,Ft,1628,2214.08
44,22-02-2021,P0013,5,Online,Cash,0,2021,2,22,112,122.08,Product13,Category02,Kg,560,610.4
45,23-02-2021,P0025,3,Direct Sales,Cash,0,2021,2,23,7,8.33,Product25,Category03,No.,21,24.99
46,23-02-2021,P0005,2,Direct Sales,Online,0,2021,2,23,133,155.61,Product05,Category01,Ft,266,311.22
47,25-02-2021,P0002,4,Wholesaler,Online,0,2021,2,25,105,142.8,Product02,Category01,Kg,420,571.2
48,25-02-2021,P0032,11,Online,Cash,0,2021,2,25,89,117.48,Product32,Category04,Kg,979,1292.28
49,25-02-2021,P0030,2,Direct Sales,Online,0,2021,2,25,148,201.28,Product30,Category04,Ft,296,402.56
50,27-02-2021,P0018,11,Wholesaler,Online,0,2021,2,27,37,49.21,Product18,Category02,No.,407,541.31
51,03-03-2021,P0011,1,Direct Sales,Online,0,2021,3,3,44,48.4,Product11,Category02,Lt,44,48.4
52,07-03-2021,P0021,9,Direct Sales,Cash,0,2021,3,7,126,162.54,Product21,Category03,Ft,1134,1462.86
53,08-03-2021,P0027,6,Online,Cash,0,2021,3,8,48,57.12,Product27,Category04,Lt,288,342.72
54,08-03-2021,P0044,9,Online,Online,0,2021,3,8,76,82.08,Product44,Category05,Kg,684,738.72
55,09-03-2021,P0029,6,Wholesaler,Online,0,2021,3,9,47,53.11,Product29,Category04,Lt,282,318.66
56,11-03-2021,P0025,11,Direct Sales,Cash,0,2021,3,11,7,8.33,Product25,Category03,No.,77,91.63
57,13-03-2021,P0028,10,Wholesaler,Cash,0,2021,3,13,37,41.81,Product28,Category04,No.,370,418.1
58,15-03-2021,P0039,11,Online,Cash,0,2021,3,15,37,42.55,Product39,Category05,No.,407,468.05
59,16-03-2021,P0012,14,Direct Sales,Cash,0,2021,3,16,73,94.17,Product12,Category02,Kg,1022,1318.38
60,18-03-2021,P0042,8,Wholesaler,Cash,0,2021,3,18,120,162,Product42,Category05,Ft,960,1296
61,19-03-2021,P0028,9,Online,Cash,0,2021,3,19,37,41.81,Product28,Category04,No.,333,376.29
62,21-03-2021,P0020,13,Online,Online,0,2021,3,21,61,76.25,Product20,Category03,Lt,793,991.25
63,21-03-2021,P0039,7,Direct Sales,Online,0,2021,3,21,37,42.55,Product39,Category05,No.,259,297.85
64,22-03-2021,P0002,8,Online,Online,0,2021,3,22,105,142.8,Product02,Category01,Kg,840,1142.4
65,22-03-2021,P0012,4,Online,Online,0,2021,3,22,73,94.17,Product12,Category02,Kg,292,376.68
66,25-03-2021,P0024,14,Online,Cash,0,2021,3,25,144,156.96,Product24,Category03,Ft,2016,2197.44
67,25-03-2021,P0006,4,Direct Sales,Cash,0,2021,3,25,75,85.5,Product06,Category01,Kg,300,342
68,25-03-2021,P0029,8,Direct Sales,Cash,0,2021,3,25,47,53.11,Product29,Category04,Lt,376,424.88
69,25-03-2021,P0038,2,Direct Sales,Online,0,2021,3,25,72,79.92,Product38,Category05,Kg,144,159.84
70,26-03-2021,P0001,4,Direct Sales,Cash,0,2021,3,26,98,103.88,Product01,Category01,Kg,392,415.52
71,26-03-2021,P0042,1,Direct Sales,Cash,0,2021,3,26,120,162,Product42,Category05,Ft,120,162
72,26-03-2021,P0010,9,Direct Sales,Online,0,2021,3,26,148,164.28,Product10,Category02,Ft,1332,1478.52
73,27-03-2021,P0030,3,Direct Sales,Online,0,2021,3,27,148,201.28,Product30,Category04,Ft,444,603.84
74,28-03-2021,P0007,8,Online,Cash,0,2021,3,28,43,47.73,Product07,Category01,Lt,344,381.84
75,30-03-2021,P0038,1,Online,Cash,0,2021,3,30,72,79.92,Product38,Category05,Kg,72,79.92
76,31-03-2021,P0042,3,Direct Sales,Cash,0,2021,3,31,120,162,Product42,Category05,Ft,360,486
77,04-04-2021,P0040,4,Direct Sales,Cash,0,2021,4,4,90,115.2,Product40,Category05,Kg,360,460.8
78,04-04-2021,P0009,9,Online,Cash,0,2021,4,4,6,7.86,Product09,Category01,No.,54,70.74
79,05-04-2021,P0031,15,Online,Online,0,2021,4,5,93,104.16,Product31,Category04,Kg,1395,1562.4
80,09-04-2021,P0005,3,Online,Online,0,2021,4,9,133,155.61,Product05,Category01,Ft,399,466.83
81,10-04-2021,P0022,14,Direct Sales,Online,0,2021,4,10,121,141.57,Product22,Category03,Ft,1694,1981.98
82,12-04-2021,P0037,3,Direct Sales,Cash,0,2021,4,12,67,85.76,Product37,Category05,Kg,201,257.28
83,12-04-2021,P0029,4,Direct Sales,Online,0,2021,4,12,47,53.11,Product29,Category04,Lt,188,212.44
84,12-04-2021,P0027,9,Direct Sales,Online,0,2021,4,12,48,57.12,Product27,Category04,Lt,432,514.08
85,12-04-2021,P0033,13,Direct Sales,Cash,0,2021,4,12,95,119.7,Product33,Category04,Kg,1235,1556.1
86,15-04-2021,P0017,3,Direct Sales,Online,0,2021,4,15,134,156.78,Product17,Category02,Ft,402,470.34
87,16-04-2021,P0018,15,Direct Sales,Cash,0,2021,4,16,37,49.21,Product18,Category02,No.,555,738.15
88,18-04-2021,P0038,9,Wholesaler,Online,0,2021,4,18,72,79.92,Product38,Category05,Kg,648,719.28
89,18-04-2021,P0019,13,Direct Sales,Cash,0,2021,4,18,150,210,Product19,Category02,Ft,1950,2730
90,23-04-2021,P0042,6,Direct Sales,Online,0,2021,4,23,120,162,Product42,Category05,Ft,720,972
91,23-04-2021,P0028,10,Direct Sales,Online,0,2021,4,23,37,41.81,Product28,Category04,No.,370,418.1
92,24-04-2021,P0030,2,Online,Online,0,2021,4,24,148,201.28,Product30,Category04,Ft,296,402.56
93,26-04-2021,P0037,3,Direct Sales,Online,0,2021,4,26,67,85.76,Product37,Category05,Kg,201,257.28
94,29-04-2021,P0030,7,Direct Sales,Online,0,2021,4,29,148,201.28,Product30,Category04,Ft,1036,1408.96
95,30-04-2021,P0029,1,Direct Sales,Online,0,2021,4,30,47,53.11,Product29,Category04,Lt,47,53.11
96,01-05-2021,P0018,3,Online,Cash,0,2021,5,1,37,49.21,Product18,Category02,No.,111,147.63
97,01-05-2021,P0042,1,Online,Cash,0,2021,5,1,120,162,Product42,Category05,Ft,120,162
98,03-05-2021,P0034,3,Online,Online,0,2021,5,3,55,58.3,Product34,Category04,Lt,165,174.9
99,04-05-2021,P0015,13,Online,Online,0,2021,5,4,12,15.72,Product15,Category02,No.,156,204.36
100,04-05-2021,P0014,4,Direct Sales,Cash,0,2021,5,4,112,146.72,Product14,Category02,Kg,448,586.88
101,05-05-2021,P0009,13,Direct Sales,Cash,0,2021,5,5,6,7.86,Product09,Category01,No.,78,102.18
102,06-05-2021,P0008,15,Direct Sales,Online,0,2021,5,6,83,94.62,Product08,Category01,Kg,1245,1419.3
103,06-05-2021,P0009,6,Online,Online,0,2021,5,6,6,7.86,Product09,Category01,No.,36,47.16
104,07-05-2021,P0018,1,Direct Sales,Cash,0,2021,5,7,37,49.21,Product18,Category02,No.,37,49.21
105,09-05-2021,P0016,6,Online,Online,0,2021,5,9,13,16.64,Product16,Category02,No.,78,99.84
106,09-05-2021,P0028,8,Direct Sales,Cash,0,2021,5,9,37,41.81,Product28,Category04,No.,296,334.48
107,12-05-2021,P0016,3,Direct Sales,Online,0,2021,5,12,13,16.64,Product16,Category02,No.,39,49.92
108,12-05-2021,P0035,15,Direct Sales,Online,0,2021,5,12,5,6.7,Product35,Category04,No.,75,100.5
109,13-05-2021,P0029,4,Direct Sales,Online,0,2021,5,13,47,53.11,Product29,Category04,Lt,188,212.44
110,20-05-2021,P0042,2,Online,Cash,0,2021,5,20,120,162,Product42,Category05,Ft,240,324
111,23-05-2021,P0040,11,Direct Sales,Online,0,2021,5,23,90,115.2,Product40,Category05,Kg,990,1267.2
112,30-05-2021,P0023,13,Online,Online,0,2021,5,30,141,149.46,Product23,Category03,Ft,1833,1942.98
113,30-05-2021,P0013,6,Online,Cash,0,2021,5,30,112,122.08,Product13,Category02,Kg,672,732.48
114,03-06-2021,P0021,10,Direct Sales,Cash,0,2021,6,3,126,162.54,Product21,Category03,Ft,1260,1625.4
115,04-06-2021,P0020,8,Wholesaler,Online,0,2021,6,4,61,76.25,Product20,Category03,Lt,488,610
116,04-06-2021,P0020,12,Online,Cash,0,2021,6,4,61,76.25,Product20,Category03,Lt,732,915
117,05-06-2021,P0022,15,Wholesaler,Online,0,2021,6,5,121,141.57,Product22,Category03,Ft,1815,2123.55
118,05-06-2021,P0035,10,Direct Sales,Online,0,2021,6,5,5,6.7,Product35,Category04,No.,50,67
119,06-06-2021,P0033,6,Direct Sales,Online,0,2021,6,6,95,119.7,Product33,Category04,Kg,570,718.2
120,08-06-2021,P0028,11,Direct Sales,Online,0,2021,6,8,37,41.81,Product28,Category04,No.,407,459.91
121,08-06-2021,P0004,11,Wholesaler,Cash,0,2021,6,8,44,48.84,Product04,Category01,Lt,484,537.24
122,09-06-2021,P0001,7,Direct Sales,Online,0,2021,6,9,98,103.88,Product01,Category01,Kg,686,727.16
123,11-06-2021,P0032,12,Wholesaler,Cash,0,2021,6,11,89,117.48,Product32,Category04,Kg,1068,1409.76
124,12-06-2021,P0041,6,Direct Sales,Online,0,2021,6,12,138,173.88,Product41,Category05,Ft,828,1043.28
125,14-06-2021,P0025,10,Online,Cash,0,2021,6,14,7,8.33,Product25,Category03,No.,70,83.3
126,16-06-2021,P0019,5,Wholesaler,Cash,0,2021,6,16,150,210,Product19,Category02,Ft,750,1050
127,16-06-2021,P0015,12,Online,Cash,0,2021,6,16,12,15.72,Product15,Category02,No.,144,188.64
128,16-06-2021,P0039,11,Direct Sales,Cash,0,2021,6,16,37,42.55,Product39,Category05,No.,407,468.05
129,18-06-2021,P0025,13,Direct Sales,Cash,0,2021,6,18,7,8.33,Product25,Category03,No.,91,108.29
130,19-06-2021,P0041,5,Direct Sales,Online,0,2021,6,19,138,173.88,Product41,Category05,Ft,690,869.4
131,20-06-2021,P0016,1,Wholesaler,Cash,0,2021,6,20,13,16.64,Product16,Category02,No.,13,16.64
132,23-06-2021,P0016,4,Direct Sales,Online,0,2021,6,23,13,16.64,Product16,Category02,No.,52,66.56
133,24-06-2021,P0011,13,Direct Sales,Online,0,2021,6,24,44,48.4,Product11,Category02,Lt,572,629.2
134,26-06-2021,P0009,7,Online,Online,0,2021,6,26,6,7.86,Product09,Category01,No.,42,55.02
135,27-06-2021,P0005,11,Direct Sales,Cash,0,2021,6,27,133,155.61,Product05,Category01,Ft,1463,1711.71
136,28-06-2021,P0021,2,Online,Cash,0,2021,6,28,126,162.54,Product21,Category03,Ft,252,325.08
137,28-06-2021,P0035,7,Online,Online,0,2021,6,28,5,6.7,Product35,Category04,No.,35,46.9
138,29-06-2021,P0014,4,Direct Sales,Online,0,2021,6,29,112,146.72,Product14,Category02,Kg,448,586.88
139,01-07-2021,P0005,11,Direct Sales,Cash,0,2021,7,1,133,155.61,Product05,Category01,Ft,1463,1711.71
140,02-07-2021,P0010,11,Direct Sales,Cash,0,2021,7,2,148,164.28,Product10,Category02,Ft,1628,1807.08
141,03-07-2021,P0033,9,Online,Cash,0,2021,7,3,95,119.7,Product33,Category04,Kg,855,1077.3
142,03-07-2021,P0003,8,Online,Cash,0,2021,7,3,71,80.94,Product03,Category01,Kg,568,647.52
143,05-07-2021,P0002,8,Direct Sales,Online,0,2021,7,5,105,142.8,Product02,Category01,Kg,840,1142.4
144,06-07-2021,P0041,15,Direct Sales,Cash,0,2021,7,6,138,173.88,Product41,Category05,Ft,2070,2608.2
145,08-07-2021,P0004,10,Direct Sales,Online,0,2021,7,8,44,48.84,Product04,Category01,Lt,440,488.4
146,10-07-2021,P0034,6,Wholesaler,Cash,0,2021,7,10,55,58.3,Product34,Category04,Lt,330,349.8
147,11-07-2021,P0009,4,Wholesaler,Online,0,2021,7,11,6,7.86,Product09,Category01,No.,24,31.44
148,13-07-2021,P0019,1,Direct Sales,Cash,0,2021,7,13,150,210,Product19,Category02,Ft,150,210
149,16-07-2021,P0023,8,Wholesaler,Cash,0,2021,7,16,141,149.46,Product23,Category03,Ft,1128,1195.68
150,18-07-2021,P0027,14,Online,Online,0,2021,7,18,48,57.12,Product27,Category04,Lt,672,799.68
151,20-07-2021,P0038,11,Online,Online,0,2021,7,20,72,79.92,Product38,Category05,Kg,792,879.12
152,20-07-2021,P0043,5,Direct Sales,Online,0,2021,7,20,67,83.08,Product43,Category05,Kg,335,415.4
153,21-07-2021,P0029,15,Direct Sales,Online,0,2021,7,21,47,53.11,Product29,Category04,Lt,705,796.65
154,22-07-2021,P0026,3,Wholesaler,Cash,0,2021,7,22,18,24.66,Product26,Category04,No.,54,73.98
155,22-07-2021,P0024,14,Online,Cash,0,2021,7,22,144,156.96,Product24,Category03,Ft,2016,2197.44
156,23-07-2021,P0036,7,Wholesaler,Online,0,2021,7,23,90,96.3,Product36,Category04,Kg,630,674.1
157,23-07-2021,P0037,8,Direct Sales,Online,0,2021,7,23,67,85.76,Product37,Category05,Kg,536,686.08
158,24-07-2021,P0009,4,Online,Cash,0,2021,7,24,6,7.86,Product09,Category01,No.,24,31.44
159,29-07-2021,P0044,15,Online,Cash,0,2021,7,29,76,82.08,Product44,Category05,Kg,1140,1231.2
160,01-08-2021,P0001,11,Direct Sales,Cash,0,2021,8,1,98,103.88,Product01,Category01,Kg,1078,1142.68
161,02-08-2021,P0023,3,Direct Sales,Online,0,2021,8,2,141,149.46,Product23,Category03,Ft,423,448.38
162,03-08-2021,P0022,13,Online,Online,0,2021,8,3,121,141.57,Product22,Category03,Ft,1573,1840.41
163,03-08-2021,P0034,12,Online,Online,0,2021,8,3,55,58.3,Product34,Category04,Lt,660,699.6
164,05-08-2021,P0028,14,Direct Sales,Cash,0,2021,8,5,37,41.81,Product28,Category04,No.,518,585.34
165,06-08-2021,P0037,1,Wholesaler,Cash,0,2021,8,6,67,85.76,Product37,Category05,Kg,67,85.76
166,10-08-2021,P0005,4,Wholesaler,Cash,0,2021,8,10,133,155.61,Product05,Category01,Ft,532,622.44
167,10-08-2021,P0044,10,Online,Cash,0,2021,8,10,76,82.08,Product44,Category05,Kg,760,820.8
168,10-08-2021,P0006,6,Direct Sales,Cash,0,2021,8,10,75,85.5,Product06,Category01,Kg,450,513
169,11-08-2021,P0023,4,Direct Sales,Online,0,2021,8,11,141,149.46,Product23,Category03,Ft,564,597.84
170,13-08-2021,P0011,13,Direct Sales,Online,0,2021,8,13,44,48.4,Product11,Category02,Lt,572,629.2
171,13-08-2021,P0027,9,Direct Sales,Online,0,2021,8,13,48,57.12,Product27,Category04,Lt,432,514.08
172,16-08-2021,P0003,3,Online,Online,0,2021,8,16,71,80.94,Product03,Category01,Kg,213,242.82
173,18-08-2021,P0025,6,Direct Sales,Online,0,2021,8,18,7,8.33,Product25,Category03,No.,42,49.98
174,20-08-2021,P0020,15,Direct Sales,Cash,0,2021,8,20,61,76.25,Product20,Category03,Lt,915,1143.75
175,20-08-2021,P0031,9,Direct Sales,Online,0,2021,8,20,93,104.16,Product31,Category04,Kg,837,937.44
176,20-08-2021,P0028,13,Direct Sales,Online,0,2021,8,20,37,41.81,Product28,Category04,No.,481,543.53
177,26-08-2021,P0039,4,Direct Sales,Online,0,2021,8,26,37,42.55,Product39,Category05,No.,148,170.2
178,29-08-2021,P0034,12,Wholesaler,Online,0,2021,8,29,55,58.3,Product34,Category04,Lt,660,699.6
179,30-08-2021,P0013,13,Direct Sales,Online,0,2021,8,30,112,122.08,Product13,Category02,Kg,1456,1587.04
180,31-08-2021,P0001,2,Direct Sales,Online,0,2021,8,31,98,103.88,Product01,Category01,Kg,196,207.76
181,31-08-2021,P0035,11,Direct Sales,Online,0,2021,8,31,5,6.7,Product35,Category04,No.,55,73.7
182,01-09-2021,P0024,1,Wholesaler,Cash,0,2021,9,1,144,156.96,Product24,Category03,Ft,144,156.96
183,01-09-2021,P0003,14,Online,Online,0,2021,9,1,71,80.94,Product03,Category01,Kg,994,1133.16
184,03-09-2021,P0041,8,Direct Sales,Online,0,2021,9,3,138,173.88,Product41,Category05,Ft,1104,1391.04
185,04-09-2021,P0028,7,Direct Sales,Online,0,2021,9,4,37,41.81,Product28,Category04,No.,259,292.67
186,04-09-2021,P0023,15,Direct Sales,Online,0,2021,9,4,141,149.46,Product23,Category03,Ft,2115,2241.9
187,05-09-2021,P0032,1,Direct Sales,Cash,0,2021,9,5,89,117.48,Product32,Category04,Kg,89,117.48
188,07-09-2021,P0019,5,Direct Sales,Online,0,2021,9,7,150,210,Product19,Category02,Ft,750,1050
189,09-09-2021,P0044,4,Direct Sales,Online,0,2021,9,9,76,82.08,Product44,Category05,Kg,304,328.32
190,10-09-2021,P0030,6,Direct Sales,Online,0,2021,9,10,148,201.28,Product30,Category04,Ft,888,1207.68
191,10-09-2021,P0001,9,Wholesaler,Online,0,2021,9,10,98,103.88,Product01,Category01,Kg,882,934.92
192,10-09-2021,P0026,2,Direct Sales,Online,0,2021,9,10,18,24.66,Product26,Category04,No.,36,49.32
193,11-09-2021,P0001,6,Wholesaler,Online,0,2021,9,11,98,103.88,Product01,Category01,Kg,588,623.28
194,13-09-2021,P0041,7,Direct Sales,Cash,0,2021,9,13,138,173.88,Product41,Category05,Ft,966,1217.16
195,15-09-2021,P0042,6,Direct Sales,Online,0,2021,9,15,120,162,Product42,Category05,Ft,720,972
196,15-09-2021,P0042,14,Direct Sales,Online,0,2021,9,15,120,162,Product42,Category05,Ft,1680,2268
197,21-09-2021,P0020,7,Wholesaler,Cash,0,2021,9,21,61,76.25,Product20,Category03,Lt,427,533.75
198,22-09-2021,P0040,2,Online,Cash,0,2021,9,22,90,115.2,Product40,Category05,Kg,180,230.4
199,22-09-2021,P0002,4,Direct Sales,Cash,0,2021,9,22,105,142.8,Product02,Category01,Kg,420,571.2
200,23-09-2021,P0018,12,Direct Sales,Cash,0,2021,9,23,37,49.21,Product18,Category02,No.,444,590.52
201,23-09-2021,P0021,7,Online,Online,0,2021,9,23,126,162.54,Product21,Category03,Ft,882,1137.78
202,27-09-2021,P0034,1,Direct Sales,Cash,0,2021,9,27,55,58.3,Product34,Category04,Lt,55,58.3
203,30-09-2021,P0014,9,Online,Online,0,2021,9,30,112,146.72,Product14,Category02,Kg,1008,1320.48
204,30-09-2021,P0006,5,Online,Online,0,2021,9,30,75,85.5,Product06,Category01,Kg,375,427.5
205,01-10-2021,P0030,14,Online,Cash,0,2021,10,1,148,201.28,Product30,Category04,Ft,2072,2817.92
206,02-10-2021,P0014,15,Direct Sales,Online,0,2021,10,2,112,146.72,Product14,Category02,Kg,1680,2200.8
207,03-10-2021,P0019,9,Direct Sales,Online,0,2021,10,3,150,210,Product19,Category02,Ft,1350,1890
208,06-10-2021,P0035,1,Direct Sales,Online,0,2021,10,6,5,6.7,Product35,Category04,No.,5,6.7
209,06-10-2021,P0036,12,Online,Online,0,2021,10,6,90,96.3,Product36,Category04,Kg,1080,1155.6
210,07-10-2021,P0026,6,Direct Sales,Cash,0,2021,10,7,18,24.66,Product26,Category04,No.,108,147.96
211,09-10-2021,P0038,5,Direct Sales,Cash,0,2021,10,9,72,79.92,Product38,Category05,Kg,360,399.6
212,09-10-2021,P0032,11,Online,Cash,0,2021,10,9,89,117.48,Product32,Category04,Kg,979,1292.28
213,10-10-2021,P0035,14,Direct Sales,Cash,0,2021,10,10,5,6.7,Product35,Category04,No.,70,93.8
214,11-10-2021,P0011,15,Direct Sales,Cash,0,2021,10,11,44,48.4,Product11,Category02,Lt,660,726
215,12-10-2021,P0027,8,Online,Online,0,2021,10,12,48,57.12,Product27,Category04,Lt,384,456.96
216,17-10-2021,P0001,13,Direct Sales,Online,0,2021,10,17,98,103.88,Product01,Category01,Kg,1274,1350.44
217,18-10-2021,P0025,6,Online,Cash,0,2021,10,18,7,8.33,Product25,Category03,No.,42,49.98
218,18-10-2021,P0021,13,Online,Cash,0,2021,10,18,126,162.54,Product21,Category03,Ft,1638,2113.02
219,22-10-2021,P0011,7,Direct Sales,Cash,0,2021,10,22,44,48.4,Product11,Category02,Lt,308,338.8
220,22-10-2021,P0024,13,Online,Cash,0,2021,10,22,144,156.96,Product24,Category03,Ft,1872,2040.48
221,22-10-2021,P0009,1,Direct Sales,Cash,0,2021,10,22,6,7.86,Product09,Category01,No.,6,7.86
222,24-10-2021,P0011,3,Wholesaler,Cash,0,2021,10,24,44,48.4,Product11,Category02,Lt,132,145.2
223,25-10-2021,P0044,9,Online,Cash,0,2021,10,25,76,82.08,Product44,Category05,Kg,684,738.72
224,26-10-2021,P0004,6,Wholesaler,Cash,0,2021,10,26,44,48.84,Product04,Category01,Lt,264,293.04
225,28-10-2021,P0008,1,Direct Sales,Cash,0,2021,10,28,83,94.62,Product08,Category01,Kg,83,94.62
226,29-10-2021,P0038,14,Online,Online,0,2021,10,29,72,79.92,Product38,Category05,Kg,1008,1118.88
227,31-10-2021,P0021,6,Online,Cash,0,2021,10,31,126,162.54,Product21,Category03,Ft,756,975.24
228,03-11-2021,P0013,12,Direct Sales,Cash,0,2021,11,3,112,122.08,Product13,Category02,Kg,1344,1464.96
229,06-11-2021,P0036,10,Direct Sales,Online,0,2021,11,6,90,96.3,Product36,Category04,Kg,900,963
230,08-11-2021,P0007,15,Direct Sales,Online,0,2021,11,8,43,47.73,Product07,Category01,Lt,645,715.95
231,10-11-2021,P0042,6,Online,Cash,0,2021,11,10,120,162,Product42,Category05,Ft,720,972
232,11-11-2021,P0040,12,Wholesaler,Online,0,2021,11,11,90,115.2,Product40,Category05,Kg,1080,1382.4
233,12-11-2021,P0010,3,Online,Cash,0,2021,11,12,148,164.28,Product10,Category02,Ft,444,492.84
234,20-11-2021,P0034,14,Online,Online,0,2021,11,20,55,58.3,Product34,Category04,Lt,770,816.2
235,20-11-2021,P0008,11,Online,Cash,0,2021,11,20,83,94.62,Product08,Category01,Kg,913,1040.82
236,21-11-2021,P0014,1,Wholesaler,Online,0,2021,11,21,112,146.72,Product14,Category02,Kg,112,146.72
237,21-11-2021,P0006,1,Online,Cash,0,2021,11,21,75,85.5,Product06,Category01,Kg,75,85.5
238,27-11-2021,P0012,8,Online,Online,0,2021,11,27,73,94.17,Product12,Category02,Kg,584,753.36
239,28-11-2021,P0040,2,Direct Sales,Cash,0,2021,11,28,90,115.2,Product40,Category05,Kg,180,230.4
240,30-11-2021,P0039,15,Direct Sales,Online,0,2021,11,30,37,42.55,Product39,Category05,No.,555,638.25
241,02-12-2021,P0016,10,Direct Sales,Cash,0,2021,12,2,13,16.64,Product16,Category02,No.,130,166.4
242,03-12-2021,P0034,2,Online,Cash,0,2021,12,3,55,58.3,Product34,Category04,Lt,110,116.6
243,03-12-2021,P0019,8,Online,Online,0,2021,12,3,150,210,Product19,Category02,Ft,1200,1680
244,05-12-2021,P0004,15,Direct Sales,Cash,0,2021,12,5,44,48.84,Product04,Category01,Lt,660,732.6
245,05-12-2021,P0010,1,Direct Sales,Online,0,2021,12,5,148,164.28,Product10,Category02,Ft,148,164.28
246,07-12-2021,P0013,8,Direct Sales,Online,0,2021,12,7,112,122.08,Product13,Category02,Kg,896,976.64
247,08-12-2021,P0044,14,Direct Sales,Online,0,2021,12,8,76,82.08,Product44,Category05,Kg,1064,1149.12
248,14-12-2021,P0042,4,Direct Sales,Online,0,2021,12,14,120,162,Product42,Category05,Ft,480,648
249,18-12-2021,P0003,2,Direct Sales,Cash,0,2021,12,18,71,80.94,Product03,Category01,Kg,142,161.88
250,18-12-2021,P0022,8,Online,Cash,0,2021,12,18,121,141.57,Product22,Category03,Ft,968,1132.56
251,19-12-2021,P0023,12,Direct Sales,Online,0,2021,12,19,141,149.46,Product23,Category03,Ft,1692,1793.52
252,19-12-2021,P0029,3,Wholesaler,Online,0,2021,12,19,47,53.11,Product29,Category04,Lt,141,159.33
253,19-12-2021,P0011,10,Online,Online,0,2021,12,19,44,48.4,Product11,Category02,Lt,440,484
254,20-12-2021,P0012,14,Direct Sales,Online,0,2021,12,20,73,94.17,Product12,Category02,Kg,1022,1318.38
255,21-12-2021,P0026,10,Online,Cash,0,2021,12,21,18,24.66,Product26,Category04,No.,180,246.6
256,24-12-2021,P0042,8,Wholesaler,Cash,0,2021,12,24,120,162,Product42,Category05,Ft,960,1296
257,24-12-2021,P0036,8,Wholesaler,Online,0,2021,12,24,90,96.3,Product36,Category04,Kg,720,770.4
258,26-12-2021,P0041,14,Online,Cash,0,2021,12,26,138,173.88,Product41,Category05,Ft,1932,2434.32
259,27-12-2021,P0029,14,Direct Sales,Cash,0,2021,12,27,47,53.11,Product29,Category04,Lt,658,743.54
260,28-12-2021,P0029,6,Direct Sales,Cash,0,2021,12,28,47,53.11,Product29,Category04,Lt,282,318.66
261,30-12-2021,P0010,13,Online,Online,0,2021,12,30,148,164.28,Product10,Category02,Ft,1924,2135.64
262,01-01-2022,P0022,1,Wholesaler,Cash,0,2022,1,1,121,141.57,Product22,Category03,Ft,121,141.57
263,02-01-2022,P0010,7,Direct Sales,Cash,0,2022,1,2,148,164.28,Product10,Category02,Ft,1036,1149.96
264,02-01-2022,P0015,2,Online,Cash,0,2022,1,2,12,15.72,Product15,Category02,No.,24,31.44
265,02-01-2022,P0033,1,Direct Sales,Cash,0,2022,1,2,95,119.7,Product33,Category04,Kg,95,119.7
266,03-01-2022,P0043,9,Direct Sales,Cash,0,2022,1,3,67,83.08,Product43,Category05,Kg,603,747.72
267,04-01-2022,P0012,8,Direct Sales,Online,0,2022,1,4,73,94.17,Product12,Category02,Kg,584,753.36
268,04-01-2022,P0029,1,Online,Online,0,2022,1,4,47,53.11,Product29,Category04,Lt,47,53.11
269,09-01-2022,P0032,12,Direct Sales,Online,0,2022,1,9,89,117.48,Product32,Category04,Kg,1068,1409.76
270,10-01-2022,P0034,14,Online,Online,0,2022,1,10,55,58.3,Product34,Category04,Lt,770,816.2
271,11-01-2022,P0032,2,Direct Sales,Online,0,2022,1,11,89,117.48,Product32,Category04,Kg,178,234.96
272,13-01-2022,P0019,6,Online,Online,0,2022,1,13,150,210,Product19,Category02,Ft,900,1260
273,14-01-2022,P0011,14,Direct Sales,Online,0,2022,1,14,44,48.4,Product11,Category02,Lt,616,677.6
274,15-01-2022,P0022,10,Direct Sales,Cash,0,2022,1,15,121,141.57,Product22,Category03,Ft,1210,1415.7
275,16-01-2022,P0014,11,Online,Cash,0,2022,1,16,112,146.72,Product14,Category02,Kg,1232,1613.92
276,17-01-2022,P0040,4,Online,Online,0,2022,1,17,90,115.2,Product40,Category05,Kg,360,460.8
277,18-01-2022,P0008,9,Wholesaler,Cash,0,2022,1,18,83,94.62,Product08,Category01,Kg,747,851.58
278,20-01-2022,P0021,2,Direct Sales,Cash,0,2022,1,20,126,162.54,Product21,Category03,Ft,252,325.08
279,20-01-2022,P0014,7,Online,Online,0,2022,1,20,112,146.72,Product14,Category02,Kg,784,1027.04
280,22-01-2022,P0001,6,Online,Cash,0,2022,1,22,98,103.88,Product01,Category01,Kg,588,623.28
281,23-01-2022,P0002,5,Wholesaler,Cash,0,2022,1,23,105,142.8,Product02,Category01,Kg,525,714
282,23-01-2022,P0042,8,Direct Sales,Online,0,2022,1,23,120,162,Product42,Category05,Ft,960,1296
283,24-01-2022,P0030,15,Online,Online,0,2022,1,24,148,201.28,Product30,Category04,Ft,2220,3019.2
284,25-01-2022,P0017,14,Direct Sales,Cash,0,2022,1,25,134,156.78,Product17,Category02,Ft,1876,2194.92
285,28-01-2022,P0016,11,Direct Sales,Online,0,2022,1,28,13,16.64,Product16,Category02,No.,143,183.04
286,31-01-2022,P0023,6,Online,Cash,0,2022,1,31,141,149.46,Product23,Category03,Ft,846,896.76
287,31-01-2022,P0041,9,Direct Sales,Cash,0,2022,1,31,138,173.88,Product41,Category05,Ft,1242,1564.92
288,01-02-2022,P0005,9,Direct Sales,Cash,0,2022,2,1,133,155.61,Product05,Category01,Ft,1197,1400.49
289,03-02-2022,P0014,8,Direct Sales,Online,0,2022,2,3,112,146.72,Product14,Category02,Kg,896,1173.76
290,05-02-2022,P0018,6,Direct Sales,Cash,0,2022,2,5,37,49.21,Product18,Category02,No.,222,295.26
291,06-02-2022,P0002,6,Direct Sales,Cash,0,2022,2,6,105,142.8,Product02,Category01,Kg,630,856.8
292,08-02-2022,P0005,11,Online,Cash,0,2022,2,8,133,155.61,Product05,Category01,Ft,1463,1711.71
293,08-02-2022,P0004,3,Online,Cash,0,2022,2,8,44,48.84,Product04,Category01,Lt,132,146.52
294,09-02-2022,P0032,14,Online,Online,0,2022,2,9,89,117.48,Product32,Category04,Kg,1246,1644.72
295,12-02-2022,P0010,13,Direct Sales,Cash,0,2022,2,12,148,164.28,Product10,Category02,Ft,1924,2135.64
296,14-02-2022,P0026,8,Online,Cash,0,2022,2,14,18,24.66,Product26,Category04,No.,144,197.28
297,14-02-2022,P0028,3,Direct Sales,Cash,0,2022,2,14,37,41.81,Product28,Category04,No.,111,125.43
298,16-02-2022,P0032,1,Online,Cash,0,2022,2,16,89,117.48,Product32,Category04,Kg,89,117.48
299,19-02-2022,P0002,13,Online,Cash,0,2022,2,19,105,142.8,Product02,Category01,Kg,1365,1856.4
300,20-02-2022,P0012,6,Direct Sales,Cash,0,2022,2,20,73,94.17,Product12,Category02,Kg,438,565.02
301,23-02-2022,P0013,6,Online,Online,0,2022,2,23,112,122.08,Product13,Category02,Kg,672,732.48
302,23-02-2022,P0016,15,Online,Cash,0,2022,2,23,13,16.64,Product16,Category02,No.,195,249.6
303,23-02-2022,P0036,8,Direct Sales,Online,0,2022,2,23,90,96.3,Product36,Category04,Kg,720,770.4
304,27-02-2022,P0012,7,Direct Sales,Cash,0,2022,2,27,73,94.17,Product12,Category02,Kg,511,659.19
305,27-02-2022,P0005,15,Direct Sales,Online,0,2022,2,27,133,155.61,Product05,Category01,Ft,1995,2334.15
306,28-02-2022,P0037,15,Direct Sales,Cash,0,2022,2,28,67,85.76,Product37,Category05,Kg,1005,1286.4
307,04-03-2022,P0026,13,Wholesaler,Online,0,2022,3,4,18,24.66,Product26,Category04,No.,234,320.58
308,06-03-2022,P0004,2,Direct Sales,Cash,0,2022,3,6,44,48.84,Product04,Category01,Lt,88,97.68
309,07-03-2022,P0003,1,Direct Sales,Cash,0,2022,3,7,71,80.94,Product03,Category01,Kg,71,80.94
310,08-03-2022,P0044,6,Direct Sales,Online,0,2022,3,8,76,82.08,Product44,Category05,Kg,456,492.48
311,09-03-2022,P0030,3,Direct Sales,Online,0,2022,3,9,148,201.28,Product30,Category04,Ft,444,603.84
312,09-03-2022,P0004,11,Online,Cash,0,2022,3,9,44,48.84,Product04,Category01,Lt,484,537.24
313,10-03-2022,P0033,12,Wholesaler,Online,0,2022,3,10,95,119.7,Product33,Category04,Kg,1140,1436.4
314,14-03-2022,P0016,2,Direct Sales,Cash,0,2022,3,14,13,16.64,Product16,Category02,No.,26,33.28
315,14-03-2022,P0026,13,Direct Sales,Online,0,2022,3,14,18,24.66,Product26,Category04,No.,234,320.58
316,18-03-2022,P0019,2,Online,Cash,0,2022,3,18,150,210,Product19,Category02,Ft,300,420
317,18-03-2022,P0027,10,Direct Sales,Cash,0,2022,3,18,48,57.12,Product27,Category04,Lt,480,571.2
318,19-03-2022,P0041,6,Wholesaler,Cash,0,2022,3,19,138,173.88,Product41,Category05,Ft,828,1043.28
319,23-03-2022,P0032,9,Direct Sales,Cash,0,2022,3,23,89,117.48,Product32,Category04,Kg,801,1057.32
320,25-03-2022,P0001,2,Wholesaler,Online,0,2022,3,25,98,103.88,Product01,Category01,Kg,196,207.76
321,25-03-2022,P0030,11,Direct Sales,Online,0,2022,3,25,148,201.28,Product30,Category04,Ft,1628,2214.08
322,29-03-2022,P0032,12,Online,Online,0,2022,3,29,89,117.48,Product32,Category04,Kg,1068,1409.76
323,30-03-2022,P0001,13,Online,Cash,0,2022,3,30,98,103.88,Product01,Category01,Kg,1274,1350.44
324,01-04-2022,P0002,2,Online,Cash,0,2022,4,1,105,142.8,Product02,Category01,Kg,210,285.6
325,02-04-2022,P0002,3,Direct Sales,Cash,0,2022,4,2,105,142.8,Product02,Category01,Kg,315,428.4
326,06-04-2022,P0040,2,Wholesaler,Cash,0,2022,4,6,90,115.2,Product40,Category05,Kg,180,230.4
327,07-04-2022,P0026,7,Direct Sales,Online,0,2022,4,7,18,24.66,Product26,Category04,No.,126,172.62
328,09-04-2022,P0039,12,Wholesaler,Cash,0,2022,4,9,37,42.55,Product39,Category05,No.,444,510.6
329,09-04-2022,P0002,9,Online,Online,0,2022,4,9,105,142.8,Product02,Category01,Kg,945,1285.2
330,13-04-2022,P0016,14,Wholesaler,Online,0,2022,4,13,13,16.64,Product16,Category02,No.,182,232.96
331,18-04-2022,P0041,9,Direct Sales,Cash,0,2022,4,18,138,173.88,Product41,Category05,Ft,1242,1564.92
332,20-04-2022,P0018,2,Wholesaler,Online,0,2022,4,20,37,49.21,Product18,Category02,No.,74,98.42
333,20-04-2022,P0012,4,Direct Sales,Online,0,2022,4,20,73,94.17,Product12,Category02,Kg,292,376.68
334,21-04-2022,P0030,2,Direct Sales,Cash,0,2022,4,21,148,201.28,Product30,Category04,Ft,296,402.56
335,21-04-2022,P0026,14,Online,Online,0,2022,4,21,18,24.66,Product26,Category04,No.,252,345.24
336,23-04-2022,P0044,15,Online,Online,0,2022,4,23,76,82.08,Product44,Category05,Kg,1140,1231.2
337,24-04-2022,P0034,4,Direct Sales,Online,0,2022,4,24,55,58.3,Product34,Category04,Lt,220,233.2
338,25-04-2022,P0004,9,Direct Sales,Cash,0,2022,4,25,44,48.84,Product04,Category01,Lt,396,439.56
339,25-04-2022,P0003,8,Online,Online,0,2022,4,25,71,80.94,Product03,Category01,Kg,568,647.52
340,26-04-2022,P0027,2,Direct Sales,Cash,0,2022,4,26,48,57.12,Product27,Category04,Lt,96,114.24
341,28-04-2022,P0014,14,Direct Sales,Cash,0,2022,4,28,112,146.72,Product14,Category02,Kg,1568,2054.08
342,30-04-2022,P0016,13,Online,Online,0,2022,4,30,13,16.64,Product16,Category02,No.,169,216.32
343,30-04-2022,P0027,8,Direct Sales,Online,0,2022,4,30,48,57.12,Product27,Category04,Lt,384,456.96
344,01-05-2022,P0034,9,Wholesaler,Online,0,2022,5,1,55,58.3,Product34,Category04,Lt,495,524.7
345,01-05-2022,P0033,6,Online,Online,0,2022,5,1,95,119.7,Product33,Category04,Kg,570,718.2
346,02-05-2022,P0013,4,Online,Cash,0,2022,5,2,112,122.08,Product13,Category02,Kg,448,488.32
347,04-05-2022,P0020,10,Direct Sales,Online,0,2022,5,4,61,76.25,Product20,Category03,Lt,610,762.5
348,06-05-2022,P0034,7,Direct Sales,Online,0,2022,5,6,55,58.3,Product34,Category04,Lt,385,408.1
349,07-05-2022,P0015,4,Online,Cash,0,2022,5,7,12,15.72,Product15,Category02,No.,48,62.88
350,07-05-2022,P0027,1,Online,Online,0,2022,5,7,48,57.12,Product27,Category04,Lt,48,57.12
351,08-05-2022,P0022,7,Online,Online,0,2022,5,8,121,141.57,Product22,Category03,Ft,847,990.99
352,09-05-2022,P0017,12,Wholesaler,Cash,0,2022,5,9,134,156.78,Product17,Category02,Ft,1608,1881.36
353,10-05-2022,P0009,6,Direct Sales,Online,0,2022,5,10,6,7.86,Product09,Category01,No.,36,47.16
354,12-05-2022,P0011,7,Online,Cash,0,2022,5,12,44,48.4,Product11,Category02,Lt,308,338.8
355,13-05-2022,P0012,5,Direct Sales,Online,0,2022,5,13,73,94.17,Product12,Category02,Kg,365,470.85
356,14-05-2022,P0008,14,Direct Sales,Cash,0,2022,5,14,83,94.62,Product08,Category01,Kg,1162,1324.68
357,15-05-2022,P0020,5,Online,Online,0,2022,5,15,61,76.25,Product20,Category03,Lt,305,381.25
358,16-05-2022,P0010,13,Direct Sales,Cash,0,2022,5,16,148,164.28,Product10,Category02,Ft,1924,2135.64
359,16-05-2022,P0031,13,Online,Online,0,2022,5,16,93,104.16,Product31,Category04,Kg,1209,1354.08
360,17-05-2022,P0027,8,Direct Sales,Cash,0,2022,5,17,48,57.12,Product27,Category04,Lt,384,456.96
361,18-05-2022,P0027,4,Wholesaler,Online,0,2022,5,18,48,57.12,Product27,Category04,Lt,192,228.48
362,18-05-2022,P0038,8,Wholesaler,Online,0,2022,5,18,72,79.92,Product38,Category05,Kg,576,639.36
363,20-05-2022,P0044,15,Online,Cash,0,2022,5,20,76,82.08,Product44,Category05,Kg,1140,1231.2
364,22-05-2022,P0015,12,Direct Sales,Online,0,2022,5,22,12,15.72,Product15,Category02,No.,144,188.64
365,25-05-2022,P0002,7,Online,Online,0,2022,5,25,105,142.8,Product02,Category01,Kg,735,999.6
366,26-05-2022,P0028,2,Direct Sales,Online,0,2022,5,26,37,41.81,Product28,Category04,No.,74,83.62
367,26-05-2022,P0027,2,Online,Online,0,2022,5,26,48,57.12,Product27,Category04,Lt,96,114.24
368,28-05-2022,P0041,10,Wholesaler,Cash,0,2022,5,28,138,173.88,Product41,Category05,Ft,1380,1738.8
369,28-05-2022,P0008,5,Wholesaler,Online,0,2022,5,28,83,94.62,Product08,Category01,Kg,415,473.1
370,28-05-2022,P0010,9,Online,Cash,0,2022,5,28,148,164.28,Product10,Category02,Ft,1332,1478.52
371,28-05-2022,P0004,12,Online,Online,0,2022,5,28,44,48.84,Product04,Category01,Lt,528,586.08
372,28-05-2022,P0020,14,Direct Sales,Cash,0,2022,5,28,61,76.25,Product20,Category03,Lt,854,1067.5
373,30-05-2022,P0044,9,Direct Sales,Online,0,2022,5,30,76,82.08,Product44,Category05,Kg,684,738.72
374,30-05-2022,P0005,4,Wholesaler,Cash,0,2022,5,30,133,155.61,Product05,Category01,Ft,532,622.44
375,30-05-2022,P0033,3,Online,Cash,0,2022,5,30,95,119.7,Product33,Category04,Kg,285,359.1
376,03-06-2022,P0008,14,Online,Online,0,2022,6,3,83,94.62,Product08,Category01,Kg,1162,1324.68
377,10-06-2022,P0028,8,Wholesaler,Online,0,2022,6,10,37,41.81,Product28,Category04,No.,296,334.48
378,11-06-2022,P0039,13,Online,Cash,0,2022,6,11,37,42.55,Product39,Category05,No.,481,553.15
379,11-06-2022,P0021,6,Direct Sales,Online,0,2022,6,11,126,162.54,Product21,Category03,Ft,756,975.24
380,13-06-2022,P0026,6,Direct Sales,Cash,0,2022,6,13,18,24.66,Product26,Category04,No.,108,147.96
381,15-06-2022,P0042,15,Wholesaler,Online,0,2022,6,15,120,162,Product42,Category05,Ft,1800,2430
382,16-06-2022,P0029,15,Online,Cash,0,2022,6,16,47,53.11,Product29,Category04,Lt,705,796.65
383,19-06-2022,P0002,8,Direct Sales,Cash,0,2022,6,19,105,142.8,Product02,Category01,Kg,840,1142.4
384,21-06-2022,P0017,14,Direct Sales,Cash,0,2022,6,21,134,156.78,Product17,Category02,Ft,1876,2194.92
385,22-06-2022,P0040,10,Online,Cash,0,2022,6,22,90,115.2,Product40,Category05,Kg,900,1152
386,22-06-2022,P0001,4,Direct Sales,Cash,0,2022,6,22,98,103.88,Product01,Category01,Kg,392,415.52
387,23-06-2022,P0004,8,Direct Sales,Online,0,2022,6,23,44,48.84,Product04,Category01,Lt,352,390.72
388,24-06-2022,P0018,7,Direct Sales,Cash,0,2022,6,24,37,49.21,Product18,Category02,No.,259,344.47
389,25-06-2022,P0012,7,Online,Online,0,2022,6,25,73,94.17,Product12,Category02,Kg,511,659.19
390,26-06-2022,P0034,4,Direct Sales,Cash,0,2022,6,26,55,58.3,Product34,Category04,Lt,220,233.2
391,26-06-2022,P0043,12,Direct Sales,Online,0,2022,6,26,67,83.08,Product43,Category05,Kg,804,996.96
392,03-07-2022,P0033,15,Direct Sales,Cash,0,2022,7,3,95,119.7,Product33,Category04,Kg,1425,1795.5
393,04-07-2022,P0007,7,Direct Sales,Online,0,2022,7,4,43,47.73,Product07,Category01,Lt,301,334.11
394,05-07-2022,P0025,7,Online,Cash,0,2022,7,5,7,8.33,Product25,Category03,No.,49,58.31
395,05-07-2022,P0015,8,Direct Sales,Online,0,2022,7,5,12,15.72,Product15,Category02,No.,96,125.76
396,06-07-2022,P0041,2,Direct Sales,Cash,0,2022,7,6,138,173.88,Product41,Category05,Ft,276,347.76
397,08-07-2022,P0018,2,Direct Sales,Online,0,2022,7,8,37,49.21,Product18,Category02,No.,74,98.42
398,10-07-2022,P0032,12,Online,Cash,0,2022,7,10,89,117.48,Product32,Category04,Kg,1068,1409.76
399,12-07-2022,P0028,12,Direct Sales,Cash,0,2022,7,12,37,41.81,Product28,Category04,No.,444,501.72
400,13-07-2022,P0025,7,Direct Sales,Online,0,2022,7,13,7,8.33,Product25,Category03,No.,49,58.31
401,14-07-2022,P0033,9,Direct Sales,Online,0,2022,7,14,95,119.7,Product33,Category04,Kg,855,1077.3
402,15-07-2022,P0004,2,Online,Online,0,2022,7,15,44,48.84,Product04,Category01,Lt,88,97.68
403,17-07-2022,P0041,8,Online,Cash,0,2022,7,17,138,173.88,Product41,Category05,Ft,1104,1391.04
404,18-07-2022,P0010,12,Direct Sales,Online,0,2022,7,18,148,164.28,Product10,Category02,Ft,1776,1971.36
405,20-07-2022,P0042,8,Wholesaler,Online,0,2022,7,20,120,162,Product42,Category05,Ft,960,1296
406,22-07-2022,P0034,6,Direct Sales,Cash,0,2022,7,22,55,58.3,Product34,Category04,Lt,330,349.8
407,23-07-2022,P0018,2,Online,Online,0,2022,7,23,37,49.21,Product18,Category02,No.,74,98.42
408,24-07-2022,P0006,14,Direct Sales,Cash,0,2022,7,24,75,85.5,Product06,Category01,Kg,1050,1197
409,24-07-2022,P0027,1,Online,Online,0,2022,7,24,48,57.12,Product27,Category04,Lt,48,57.12
410,25-07-2022,P0044,2,Direct Sales,Cash,0,2022,7,25,76,82.08,Product44,Category05,Kg,152,164.16
411,25-07-2022,P0017,12,Direct Sales,Cash,0,2022,7,25,134,156.78,Product17,Category02,Ft,1608,1881.36
412,25-07-2022,P0003,13,Online,Cash,0,2022,7,25,71,80.94,Product03,Category01,Kg,923,1052.22
413,26-07-2022,P0003,10,Online,Online,0,2022,7,26,71,80.94,Product03,Category01,Kg,710,809.4
414,26-07-2022,P0026,1,Online,Cash,0,2022,7,26,18,24.66,Product26,Category04,No.,18,24.66
415,03-08-2022,P0012,5,Direct Sales,Cash,0,2022,8,3,73,94.17,Product12,Category02,Kg,365,470.85
416,06-08-2022,P0016,9,Online,Online,0,2022,8,6,13,16.64,Product16,Category02,No.,117,149.76
417,08-08-2022,P0016,2,Direct Sales,Online,0,2022,8,8,13,16.64,Product16,Category02,No.,26,33.28
418,08-08-2022,P0032,12,Direct Sales,Cash,0,2022,8,8,89,117.48,Product32,Category04,Kg,1068,1409.76
419,08-08-2022,P0021,11,Direct Sales,Cash,0,2022,8,8,126,162.54,Product21,Category03,Ft,1386,1787.94
420,14-08-2022,P0030,14,Direct Sales,Cash,0,2022,8,14,148,201.28,Product30,Category04,Ft,2072,2817.92
421,15-08-2022,P0011,10,Wholesaler,Cash,0,2022,8,15,44,48.4,Product11,Category02,Lt,440,484
422,15-08-2022,P0015,7,Direct Sales,Online,0,2022,8,15,12,15.72,Product15,Category02,No.,84,110.04
423,18-08-2022,P0029,8,Online,Online,0,2022,8,18,47,53.11,Product29,Category04,Lt,376,424.88
424,18-08-2022,P0010,2,Online,Cash,0,2022,8,18,148,164.28,Product10,Category02,Ft,296,328.56
425,19-08-2022,P0007,3,Online,Online,0,2022,8,19,43,47.73,Product07,Category01,Lt,129,143.19
426,20-08-2022,P0023,13,Direct Sales,Online,0,2022,8,20,141,149.46,Product23,Category03,Ft,1833,1942.98
427,20-08-2022,P0033,14,Direct Sales,Online,0,2022,8,20,95,119.7,Product33,Category04,Kg,1330,1675.8
428,21-08-2022,P0016,4,Direct Sales,Online,0,2022,8,21,13,16.64,Product16,Category02,No.,52,66.56
429,23-08-2022,P0044,11,Online,Online,0,2022,8,23,76,82.08,Product44,Category05,Kg,836,902.88
430,23-08-2022,P0029,14,Direct Sales,Cash,0,2022,8,23,47,53.11,Product29,Category04,Lt,658,743.54
431,24-08-2022,P0005,5,Direct Sales,Cash,0,2022,8,24,133,155.61,Product05,Category01,Ft,665,778.05
432,26-08-2022,P0019,13,Wholesaler,Cash,0,2022,8,26,150,210,Product19,Category02,Ft,1950,2730
433,26-08-2022,P0037,8,Online,Online,0,2022,8,26,67,85.76,Product37,Category05,Kg,536,686.08
434,27-08-2022,P0039,15,Wholesaler,Online,0,2022,8,27,37,42.55,Product39,Category05,No.,555,638.25
435,28-08-2022,P0005,9,Online,Online,0,2022,8,28,133,155.61,Product05,Category01,Ft,1197,1400.49
436,28-08-2022,P0039,5,Direct Sales,Online,0,2022,8,28,37,42.55,Product39,Category05,No.,185,212.75
437,30-08-2022,P0006,6,Online,Cash,0,2022,8,30,75,85.5,Product06,Category01,Kg,450,513
438,30-08-2022,P0043,6,Direct Sales,Cash,0,2022,8,30,67,83.08,Product43,Category05,Kg,402,498.48
439,30-08-2022,P0025,5,Direct Sales,Cash,0,2022,8,30,7,8.33,Product25,Category03,No.,35,41.65
440,31-08-2022,P0015,13,Direct Sales,Cash,0,2022,8,31,12,15.72,Product15,Category02,No.,156,204.36
441,04-09-2022,P0002,1,Direct Sales,Cash,0,2022,9,4,105,142.8,Product02,Category01,Kg,105,142.8
442,06-09-2022,P0005,12,Wholesaler,Online,0,2022,9,6,133,155.61,Product05,Category01,Ft,1596,1867.32
443,09-09-2022,P0041,9,Direct Sales,Online,0,2022,9,9,138,173.88,Product41,Category05,Ft,1242,1564.92
444,09-09-2022,P0003,3,Direct Sales,Online,0,2022,9,9,71,80.94,Product03,Category01,Kg,213,242.82
445,10-09-2022,P0035,15,Online,Cash,0,2022,9,10,5,6.7,Product35,Category04,No.,75,100.5
446,10-09-2022,P0038,4,Direct Sales,Cash,0,2022,9,10,72,79.92,Product38,Category05,Kg,288,319.68
447,14-09-2022,P0029,3,Direct Sales,Cash,0,2022,9,14,47,53.11,Product29,Category04,Lt,141,159.33
448,15-09-2022,P0037,15,Online,Online,0,2022,9,15,67,85.76,Product37,Category05,Kg,1005,1286.4
449,18-09-2022,P0026,14,Online,Cash,0,2022,9,18,18,24.66,Product26,Category04,No.,252,345.24
450,19-09-2022,P0033,8,Wholesaler,Cash,0,2022,9,19,95,119.7,Product33,Category04,Kg,760,957.6
451,20-09-2022,P0033,6,Direct Sales,Online,0,2022,9,20,95,119.7,Product33,Category04,Kg,570,718.2
452,20-09-2022,P0001,10,Direct Sales,Online,0,2022,9,20,98,103.88,Product01,Category01,Kg,980,1038.8
453,21-09-2022,P0018,14,Online,Online,0,2022,9,21,37,49.21,Product18,Category02,No.,518,688.94
454,21-09-2022,P0026,5,Direct Sales,Cash,0,2022,9,21,18,24.66,Product26,Category04,No.,90,123.3
455,22-09-2022,P0043,12,Online,Online,0,2022,9,22,67,83.08,Product43,Category05,Kg,804,996.96
456,23-09-2022,P0012,12,Direct Sales,Online,0,2022,9,23,73,94.17,Product12,Category02,Kg,876,1130.04
457,24-09-2022,P0032,14,Direct Sales,Online,0,2022,9,24,89,117.48,Product32,Category04,Kg,1246,1644.72
458,24-09-2022,P0032,8,Direct Sales,Cash,0,2022,9,24,89,117.48,Product32,Category04,Kg,712,939.84
459,27-09-2022,P0036,4,Direct Sales,Cash,0,2022,9,27,90,96.3,Product36,Category04,Kg,360,385.2
460,27-09-2022,P0044,9,Direct Sales,Cash,0,2022,9,27,76,82.08,Product44,Category05,Kg,684,738.72
461,27-09-2022,P0038,3,Wholesaler,Cash,0,2022,9,27,72,79.92,Product38,Category05,Kg,216,239.76
462,29-09-2022,P0034,13,Direct Sales,Online,0,2022,9,29,55,58.3,Product34,Category04,Lt,715,757.9
463,03-10-2022,P0011,5,Direct Sales,Cash,0,2022,10,3,44,48.4,Product11,Category02,Lt,220,242
464,04-10-2022,P0007,15,Direct Sales,Online,0,2022,10,4,43,47.73,Product07,Category01,Lt,645,715.95
465,06-10-2022,P0035,1,Direct Sales,Online,0,2022,10,6,5,6.7,Product35,Category04,No.,5,6.7
466,09-10-2022,P0038,14,Online,Online,0,2022,10,9,72,79.92,Product38,Category05,Kg,1008,1118.88
467,10-10-2022,P0019,9,Direct Sales,Online,0,2022,10,10,150,210,Product19,Category02,Ft,1350,1890
468,10-10-2022,P0044,12,Online,Online,0,2022,10,10,76,82.08,Product44,Category05,Kg,912,984.96
469,11-10-2022,P0008,10,Direct Sales,Online,0,2022,10,11,83,94.62,Product08,Category01,Kg,830,946.2
470,13-10-2022,P0002,15,Online,Online,0,2022,10,13,105,142.8,Product02,Category01,Kg,1575,2142
471,14-10-2022,P0044,15,Wholesaler,Online,0,2022,10,14,76,82.08,Product44,Category05,Kg,1140,1231.2
472,15-10-2022,P0015,10,Direct Sales,Cash,0,2022,10,15,12,15.72,Product15,Category02,No.,120,157.2
473,16-10-2022,P0036,3,Online,Online,0,2022,10,16,90,96.3,Product36,Category04,Kg,270,288.9
474,23-10-2022,P0024,14,Online,Cash,0,2022,10,23,144,156.96,Product24,Category03,Ft,2016,2197.44
475,30-10-2022,P0042,3,Direct Sales,Cash,0,2022,10,30,120,162,Product42,Category05,Ft,360,486
476,31-10-2022,P0038,8,Direct Sales,Online,0,2022,10,31,72,79.92,Product38,Category05,Kg,576,639.36
477,01-11-2022,P0012,15,Wholesaler,Online,0,2022,11,1,73,94.17,Product12,Category02,Kg,1095,1412.55
478,02-11-2022,P0015,15,Wholesaler,Cash,0,2022,11,2,12,15.72,Product15,Category02,No.,180,235.8
479,02-11-2022,P0030,15,Direct Sales,Cash,0,2022,11,2,148,201.28,Product30,Category04,Ft,2220,3019.2
480,02-11-2022,P0035,5,Direct Sales,Cash,0,2022,11,2,5,6.7,Product35,Category04,No.,25,33.5
481,03-11-2022,P0020,11,Online,Online,0,2022,11,3,61,76.25,Product20,Category03,Lt,671,838.75
482,04-11-2022,P0008,10,Direct Sales,Online,0,2022,11,4,83,94.62,Product08,Category01,Kg,830,946.2
483,05-11-2022,P0019,15,Direct Sales,Cash,0,2022,11,5,150,210,Product19,Category02,Ft,2250,3150
484,06-11-2022,P0043,13,Direct Sales,Cash,0,2022,11,6,67,83.08,Product43,Category05,Kg,871,1080.04
485,06-11-2022,P0015,13,Online,Online,0,2022,11,6,12,15.72,Product15,Category02,No.,156,204.36
486,06-11-2022,P0042,13,Direct Sales,Cash,0,2022,11,6,120,162,Product42,Category05,Ft,1560,2106
487,07-11-2022,P0040,13,Online,Cash,0,2022,11,7,90,115.2,Product40,Category05,Kg,1170,1497.6
488,08-11-2022,P0036,11,Wholesaler,Cash,0,2022,11,8,90,96.3,Product36,Category04,Kg,990,1059.3
489,08-11-2022,P0019,10,Wholesaler,Online,0,2022,11,8,150,210,Product19,Category02,Ft,1500,2100
490,09-11-2022,P0027,8,Online,Cash,0,2022,11,9,48,57.12,Product27,Category04,Lt,384,456.96
491,10-11-2022,P0018,7,Direct Sales,Online,0,2022,11,10,37,49.21,Product18,Category02,No.,259,344.47
492,13-11-2022,P0027,10,Wholesaler,Cash,0,2022,11,13,48,57.12,Product27,Category04,Lt,480,571.2
493,14-11-2022,P0002,1,Direct Sales,Cash,0,2022,11,14,105,142.8,Product02,Category01,Kg,105,142.8
494,15-11-2022,P0012,14,Direct Sales,Cash,0,2022,11,15,73,94.17,Product12,Category02,Kg,1022,1318.38
495,16-11-2022,P0017,8,Online,Online,0,2022,11,16,134,156.78,Product17,Category02,Ft,1072,1254.24
496,18-11-2022,P0034,8,Direct Sales,Cash,0,2022,11,18,55,58.3,Product34,Category04,Lt,440,466.4
497,21-11-2022,P0020,6,Direct Sales,Cash,0,2022,11,21,61,76.25,Product20,Category03,Lt,366,457.5
498,23-11-2022,P0036,12,Online,Online,0,2022,11,23,90,96.3,Product36,Category04,Kg,1080,1155.6
499,25-11-2022,P0004,5,Direct Sales,Cash,0,2022,11,25,44,48.84,Product04,Category01,Lt,220,244.2
500,26-11-2022,P0032,5,Direct Sales,Online,0,2022,11,26,89,117.48,Product32,Category04,Kg,445,587.4
501,27-11-2022,P0034,15,Direct Sales,Online,0,2022,11,27,55,58.3,Product34,Category04,Lt,825,874.5
502,28-11-2022,P0031,8,Direct Sales,Cash,0,2022,11,28,93,104.16,Product31,Category04,Kg,744,833.28
503,30-11-2022,P0015,2,Direct Sales,Online,0,2022,11,30,12,15.72,Product15,Category02,No.,24,31.44
504,03-12-2022,P0028,5,Wholesaler,Cash,0,2022,12,3,37,41.81,Product28,Category04,No.,185,209.05
505,04-12-2022,P0026,10,Direct Sales,Cash,0,2022,12,4,18,24.66,Product26,Category04,No.,180,246.6
506,04-12-2022,P0044,15,Direct Sales,Cash,0,2022,12,4,76,82.08,Product44,Category05,Kg,1140,1231.2
507,07-12-2022,P0038,12,Direct Sales,Cash,0,2022,12,7,72,79.92,Product38,Category05,Kg,864,959.04
508,07-12-2022,P0016,13,Direct Sales,Online,0,2022,12,7,13,16.64,Product16,Category02,No.,169,216.32
509,07-12-2022,P0038,5,Direct Sales,Cash,0,2022,12,7,72,79.92,Product38,Category05,Kg,360,399.6
510,11-12-2022,P0027,5,Direct Sales,Online,0,2022,12,11,48,57.12,Product27,Category04,Lt,240,285.6
511,11-12-2022,P0013,9,Wholesaler,Online,0,2022,12,11,112,122.08,Product13,Category02,Kg,1008,1098.72
512,11-12-2022,P0014,10,Online,Cash,0,2022,12,11,112,146.72,Product14,Category02,Kg,1120,1467.2
513,12-12-2022,P0030,9,Wholesaler,Cash,0,2022,12,12,148,201.28,Product30,Category04,Ft,1332,1811.52
514,12-12-2022,P0041,10,Wholesaler,Online,0,2022,12,12,138,173.88,Product41,Category05,Ft,1380,1738.8
515,14-12-2022,P0005,4,Direct Sales,Cash,0,2022,12,14,133,155.61,Product05,Category01,Ft,532,622.44
516,15-12-2022,P0009,13,Direct Sales,Online,0,2022,12,15,6,7.86,Product09,Category01,No.,78,102.18
517,19-12-2022,P0044,7,Direct Sales,Online,0,2022,12,19,76,82.08,Product44,Category05,Kg,532,574.56
518,19-12-2022,P0011,14,Direct Sales,Cash,0,2022,12,19,44,48.4,Product11,Category02,Lt,616,677.6
519,19-12-2022,P0009,11,Online,Online,0,2022,12,19,6,7.86,Product09,Category01,No.,66,86.46
520,21-12-2022,P0006,10,Direct Sales,Online,0,2022,12,21,75,85.5,Product06,Category01,Kg,750,855
521,29-12-2022,P0008,15,Direct Sales,Online,0,2022,12,29,83,94.62,Product08,Category01,Kg,1245,1419.3
522,29-12-2022,P0042,1,Wholesaler,Cash,0,2022,12,29,120,162,Product42,Category05,Ft,120,162
523,30-12-2022,P0041,14,Direct Sales,Online,0,2022,12,30,138,173.88,Product41,Category05,Ft,1932,2434.32
524,31-12-2022,P0033,12,Online,Online,0,2022,12,31,95,119.7,Product33,Category04,Kg,1140,1436.4
525,31-12-2022,P0011,6,Online,Online,0,2022,12,31,44,48.4,Product11,Category02,Lt,264,290.4
526,31-12-2022,P0011,3,Wholesaler,Cash,0,2022,12,31,44,48.4,Product11,Category02,Lt,132,145.2
